{

  "attention_seekers": {
    "bounce": true,
    "flash": true,
    "pulse": true,
    "rubberBand": true,
    "shake": true,
    "swing": true,
    "tada": true,
    "wobble": true
  },

  "bouncing_entrances": {
    "bounceIn": true,
    "bounceInDown": true,
    "bounceInLeft": true,
    "bounceInRight": true,
    "bounceInUp": true
  },

  "bouncing_exits": {
    "bounceOut": true,
    "bounceOutDown": true,
    "bounceOutLeft": true,
    "bounceOutRight": true,
    "bounceOutUp": true
  },

  "fading_entrances": {
    "fadeIn": true,
    "fadeInDown": true,
    "fadeInDownBig": true,
    "fadeInLeft": true,
    "fadeInLeftBig": true,
    "fadeInRight": true,
    "fadeInRightBig": true,
    "fadeInUp": true,
    "fadeInUpBig": true
  },

  "fading_exits": {
    "fadeOut": true,
    "fadeOutDown": true,
    "fadeOutDownBig": true,
    "fadeOutLeft": true,
    "fadeOutLeftBig": true,
    "fadeOutRight": true,
    "fadeOutRightBig": true,
    "fadeOutUp": true,
    "fadeOutUpBig": true
  },

  "flippers": {
    "flip": true,
    "flipInX": true,
    "flipInY": true,
    "flipOutX": true,
    "flipOutY": true
  },

  "lightspeed": {
    "lightspeedIn": true,
    "lightspeedOut": true
  },

  "rotating_entrances": {
    "rotateIn": true,
    "rotateInDownLeft": true,
    "rotateInDownRight": true,
    "rotateInUpLeft": true,
    "rotateInUpRight": true
  },

  "rotating_exits": {
    "rotateOut": true,
    "rotateOutDownLeft": true,
    "rotateOutDownRight": true,
    "rotateOutUpLeft": true,
    "rotateOutUpRight": true
  },

  "sliders": {
    "slideInDown": true,
    "slideInLeft": true,
    "slideInRight": true,
    "slideOutLeft": true,
    "slideOutRight": true,
    "slideOutUp": true,
    "slideInUp": true,
    "slideOutDown": true
  },

  "specials": {
    "hinge": true,
    "rollIn": true,
    "rollOut": true
  }

}
